system,composition,homogeneous,workload,label,n_exits,accuracy,avg_et,avg_latency,avg_energy,et_reduction,classifier_share
sys_EEEE,EEEE,True,6_11,6_11_iter_0,2,87.28,374.18111047420473,493034.5038,0.000610280308472422,1.8998632983891244,0.27743186267549336
sys_EEEE,EEEE,True,2_8_11,2_8_11_iter_0,3,87.35,375.13897130973135,468140.9808,0.0005552247491767269,1.9123627559300718,0.31821298736372594
sys_EEEE,EEEE,True,0_4_5_7_11,0_4_5_7_11_iter_0,5,88.03999999999999,389.10278325475036,483589.3173,0.000539826220382201,1.8701322171378845,0.346553163540253
sys_EEEE,EEEE,True,2_3_4_5_9_11,2_3_4_5_9_11_iter_3,6,88.4,476.23469032713683,551670.6649,0.000623932265022494,1.5360075938595852,0.3493951241882422
sys_EEEE,EEEE,True,0_1_5_8_9_11,0_1_5_8_9_11_iter_2,6,88.51,483.8072103268583,571341.5301,0.000638298993547497,1.5867851531869355,0.38051172502647107
sys_EEEE,EEEE,True,2_3_4_5_6_9_11,2_3_4_5_6_9_11_iter_6,7,88.53999999999999,492.2977903072875,553601.5560999999,0.000624658683857347,1.5477562409759504,0.38052671130575905
sys_EEEY,EEEY,False,6_11,6_11_iter_0,2,87.28,374.18111047420473,493034.5038,0.000610280308472422,1.8998632983891244,0.27743186267549336
sys_EEEY,EEEY,False,2_8_11,2_8_11_iter_0,3,87.35,398.1912742053986,484012.189,0.0005681569140385692,1.93968736865047,0.30719466152265157
sys_EEEY,EEEY,False,0_4_5_7_11,0_4_5_7_11_iter_0,5,88.03999999999999,389.1003109117304,483583.4595,0.000539829559887666,1.8701563120193903,0.34654476068383677
sys_EEEY,EEEY,False,2_3_4_5_9_11,2_3_4_5_9_11_iter_3,6,88.4,476.21453214248083,551641.2227,0.000623940753896298,1.536090725466394,0.34936310966638423
sys_EEEY,EEEY,False,0_1_5_8_9_11,0_1_5_8_9_11_iter_2,6,88.51,483.7935069101891,571291.2949,0.0006383390595359104,1.5868946138055997,0.38046355776885055
sys_EEEY,EEEY,False,2_3_4_5_6_9_11,2_3_4_5_6_9_11_iter_6,7,88.53999999999999,492.2970810498953,553598.5560999999,0.000624660787762147,1.5477612108939367,0.3805249699453629
sys_EEMM,EEMM,False,6_11,6_11_iter_0,2,87.28,374.18111047420473,493034.5038,0.000610280308472422,1.8998632983891244,0.27743186267549336
sys_EEMM,EEMM,False,2_8_11,2_8_11_iter_0,3,87.35,375.13897130973135,468140.9808,0.0005552247491767269,1.9123627559300718,0.31821298736372594
sys_EEMM,EEMM,False,0_4_5_7_11,0_4_5_7_11_iter_0,5,88.03999999999999,389.10278325475036,483589.3173,0.000539826220382201,1.8701322171378845,0.346553163540253
sys_EEMM,EEMM,False,2_3_4_5_9_11,2_3_4_5_9_11_iter_3,6,88.4,476.23469032713683,551670.6649,0.000623932265022494,1.5360075938595852,0.3493951241882422
sys_EEMM,EEMM,False,0_1_5_8_9_11,0_1_5_8_9_11_iter_2,6,88.51,478.21263246059857,567381.1077,0.000635427687307497,1.584139050275202,0.3826879398294672
sys_EEMM,EEMM,False,2_3_4_5_6_9_11,2_3_4_5_6_9_11_iter_6,7,88.53999999999999,492.2977903072875,553601.5560999999,0.000624658683857347,1.5477562409759504,0.38052671130575905
sys_EEMY,EEMY,False,6_11,6_11_iter_0,2,87.28,374.18111047420473,493034.5038,0.000610280308472422,1.8998632983891244,0.27743186267549336
sys_EEMY,EEMY,False,2_8_11,2_8_11_iter_0,3,87.35,375.13488416097243,468129.7167,0.0005552315644078122,1.9123998539120681,0.3182014790745762
sys_EEMY,EEMY,False,0_4_5_7_11,0_4_5_7_11_iter_0,5,88.03999999999999,389.1003109117304,483583.4595,0.000539829559887666,1.8701563120193903,0.34654476068383677
sys_EEMY,EEMY,False,2_3_4_5_9_11,2_3_4_5_9_11_iter_3,6,88.4,476.21453214248083,551641.2227,0.000623940753896298,1.536090725466394,0.34936310966638423
sys_EEMY,EEMY,False,0_1_5_8_9_11,0_1_5_8_9_11_iter_2,6,88.51,478.1715720297784,567300.7279,0.0006354468736098324,1.5843043371610541,0.38263909252975487
sys_EEMY,EEMY,False,2_3_4_5_6_9_11,2_3_4_5_6_9_11_iter_6,7,88.53999999999999,492.2970810498953,553598.5560999999,0.000624660787762147,1.5477612108939367,0.3805249699453629
sys_EEYY,EEYY,False,6_11,6_11_iter_0,2,87.28,374.18111047420473,493034.5038,0.000610280308472422,1.8998632983891244,0.27743186267549336
sys_EEYY,EEYY,False,2_8_11,2_8_11_iter_0,3,87.35,381.16611668936974,472581.7615,0.0005584592968878122,1.918449598558497,0.315306180051307
sys_EEYY,EEYY,False,0_4_5_7_11,0_4_5_7_11_iter_0,5,88.03999999999999,389.1003109117304,483583.4595,0.000539829559887666,1.8701563120193903,0.34654476068383677
sys_EEYY,EEYY,False,2_3_4_5_9_11,2_3_4_5_9_11_iter_3,6,88.4,478.2750138062173,550932.2227,0.0006284837004786978,1.5338649798774355,0.349607051408312
sys_EEYY,EEYY,False,0_1_5_8_9_11,0_1_5_8_9_11_iter_2,6,88.51,478.16046098628874,567287.4927,0.0006354500694990458,1.5843563692975253,0.382612079527216
sys_EEYY,EEYY,False,2_3_4_5_6_9_11,2_3_4_5_6_9_11_iter_6,7,88.53999999999999,500.3539670834092,556735.4329,0.0006300532066333198,1.5531673554180283,0.37815366304988585
sys_EYYY,EYYY,False,6_11,6_11_iter_0,2,87.28,405.9957121405931,516343.38899999997,0.0006345387877945549,1.9193870218737776,0.26691730132094144
sys_EYYY,EYYY,False,2_8_11,2_8_11_iter_0,3,87.35,408.12782060337906,487402.993,0.0005792111964500519,1.9342998495517945,0.30621302826374075
sys_EYYY,EYYY,False,0_4_5_7_11,0_4_5_7_11_iter_0,5,88.03999999999999,402.99780308730215,495402.949,0.000551514051181908,1.866544405963718,0.3423593425987636
sys_EYYY,EYYY,False,2_3_4_5_9_11,2_3_4_5_9_11_iter_3,6,88.4,485.26957631213884,557484.944,0.0006280687047713751,1.543233331490735,0.34604976614241234
sys_EYYY,EYYY,False,0_1_5_8_9_11,0_1_5_8_9_11_iter_2,6,88.51,478.84147834995383,567109.6755,0.0006363104266858778,1.5847978919169943,0.3830910360086226
sys_EYYY,EYYY,False,2_3_4_5_6_9_11,2_3_4_5_6_9_11_iter_6,7,88.53999999999999,509.57899798328293,558634.6623,0.0006391273940299397,1.5584051100490997,0.37669570025242427
sys_MMMM,MMMM,True,6_11,6_11_iter_0,2,87.28,582.8693822636618,747370.5719999999,0.00061732777084872,2.221172635837597,0.1754920511837183
sys_MMMM,MMMM,True,2_8_11,2_8_11_iter_0,3,87.35,595.5981781646569,753434.9025999999,0.0005590770887636081,2.1650556229409252,0.20664492816284677
sys_MMMM,MMMM,True,0_4_5_7_11,0_4_5_7_11_iter_0,5,88.03999999999999,584.8521802978216,722779.1116,0.000545288175393912,2.236705191248177,0.2300528937509914
sys_MMMM,MMMM,True,2_3_4_5_9_11,2_3_4_5_9_11_iter_3,6,88.4,729.6012626026821,847421.0053000001,0.0006284704734888641,1.8025303953498075,0.2324557923041599
sys_MMMM,MMMM,True,0_1_5_8_9_11,0_1_5_8_9_11_iter_2,6,88.51,725.3366830598843,863521.6902999999,0.000638291254350168,1.878636234700499,0.2600469735135487
sys_MMMM,MMMM,True,2_3_4_5_6_9_11,2_3_4_5_6_9_11_iter_6,7,88.53999999999999,743.311558065875,831207.4366,0.000632621614806776,1.8608399709240107,0.2571788567685469
sys_MMYY,MMYY,False,6_11,6_11_iter_0,2,87.28,406.20034173237127,516520.66189999995,0.0006345487553902033,1.9184640606811687,0.26740824906504934
sys_MMYY,MMYY,False,2_8_11,2_8_11_iter_0,3,87.35,406.55045775143753,486312.4096,0.0005781950944555771,1.933710870537553,0.30722696832064017
sys_MMYY,MMYY,False,0_4_5_7_11,0_4_5_7_11_iter_0,5,88.03999999999999,419.3946072409211,505012.9498,0.0005588541450674339,1.903753531826735,0.3342768838070928
sys_MMYY,MMYY,False,2_3_4_5_9_11,2_3_4_5_9_11_iter_3,6,88.4,516.1457239077926,576620.2942000001,0.0006470063162903475,1.554762645606227,0.3370530298435036
sys_MMYY,MMYY,False,0_1_5_8_9_11,0_1_5_8_9_11_iter_2,6,88.51,516.4317380987067,590686.2627,0.0006601432783441538,1.6043696374905985,0.3711397388209213
sys_MMYY,MMYY,False,2_3_4_5_6_9_11,2_3_4_5_6_9_11_iter_6,7,88.53999999999999,531.3145189609468,577255.4145,0.0006460583370761378,1.5712026995687292,0.36834871498491933
sys_YYYY,YYYY,True,6_11,6_11_iter_0,2,87.28,409.21641700776684,518167.8683,0.0006357429800302032,1.9290518554455196,0.26565371681330874
sys_YYYY,YYYY,True,2_8_11,2_8_11_iter_0,3,87.35,411.80216041422227,490218.1504,0.0005810267565355771,1.933774162830823,0.3053200602903798
sys_YYYY,YYYY,True,0_4_5_7_11,0_4_5_7_11_iter_0,5,88.03999999999999,419.3490480106484,503239.0027,0.0005607340466334473,1.9005435266076636,0.33527542777663144
sys_YYYY,YYYY,True,2_3_4_5_9_11,2_3_4_5_9_11_iter_3,6,88.4,516.048169514781,574635.2746,0.0006491098973129203,1.5522437793388162,0.338054919451661
sys_YYYY,YYYY,True,0_1_5_8_9_11,0_1_5_8_9_11_iter_2,6,88.51,516.4317380987067,590686.2627,0.0006601432783441538,1.6043696374905985,0.3711397388209213
sys_YYYY,YYYY,True,2_3_4_5_6_9_11,2_3_4_5_6_9_11_iter_6,7,88.53999999999999,531.2387611286349,575348.5699,0.0006480790738555406,1.5684144522056107,0.36939179698855246
